focal_length,loss
200,0.00040689691048883864
250,0.00039344486776000145
300,0.00038871598460281706
350,0.0003927431355859194
